NGram	PC1	PC2	PC3	PC4
一	0.163113639446	-0.00513651944551	-0.0890203373091	-0.257694215554
丁	-0.00855324148884	0.0119188514349	0.00347415826828	0.00236114969228
七	-0.0210206485646	0.0571885810014	-0.0327993349138	-0.0115877373216
万	-0.0253399351007	0.0167770730013	0.0208913495279	0.000261212555672
丈	0.00180478048983	-0.0027149303812	-0.00165194913339	-0.0142819457868
三	-0.0344429007768	0.108776778943	-0.0288900534776	-0.0368051192896
上	0.0429816531419	-0.0124987906342	0.0633888037373	0.0408478508273
下	0.0183944118247	-0.0396441612701	0.118615566987	-0.00245904457995
不	0.049083724852	-0.37993524558	0.0298846643481	-0.034284883966
与	-0.0152166246674	-0.0437615404151	0.0731315073378	-0.0236794199848
专	-0.00491866473156	-0.00139415596317	-0.00542814882388	-0.000290409326199
且	0.00413540716292	-0.0303285663191	0.0268639655588	-0.00864352749369
世	-0.0157985275956	-0.0175451943434	0.0119942083298	0.0359692137355
业	-0.00579690898213	-0.00434947226426	-0.00478776874766	-0.00278455307627
东	-0.0188282132979	0.0239182776864	0.0145455170676	0.0455332242276
丞	-0.00824307866049	0.00752980518185	0.00994485442479	0.0284301461041
两	0.0315488508994	0.0176873594842	-0.0272495649011	-0.0344391495058
严	-0.00691739220777	-0.00326536520829	-0.00063765829058	-0.0026930206262
个	0.134475103177	-0.0300948198239	-0.0454831576173	0.067678681838
中	-0.0203796704599	-0.0338229042548	0.085636907247	0.0199490462235
临	-0.00480088160249	0.00061759877391	0.00703957195587	0.00232800830889
为	-0.134998410102	-0.0977731661618	0.0232190060254	0.140243949368
主	-0.00502957887432	-0.00773312735897	0.0518764238952	-0.0108582910103
举	-0.0140272417623	-0.00133243919192	-0.000911222546586	0.00797774429768
乃	-0.0266588833792	-0.0405616712125	0.0650586830857	0.00660918000518
久	-0.00783938929764	-0.0137175613912	0.00270654155841	-0.00133923331221
么	0.0450948155819	-0.0111631942674	-0.0275440717902	0.0506332154499
义	-0.00984675369849	-0.0049461767654	0.0186129167745	0.00716915856453
之	-0.377498179577	-0.45124680696	-0.152822018471	0.0466748797161
乎	-0.0150580242311	-0.0324196521397	-0.00755781698115	0.00150852777127
乐	-0.00703696754611	0.00555250142103	-0.00263955257357	0.0128107027898
乘	-0.00612075020188	-0.00233763114771	0.015844701787	0.000728325847341
九	-0.0192449540321	0.0474992406567	-0.0267913362528	-0.0105224674957
乞	-0.00858724371846	0.0047347583984	0.00177489331423	0.00163928946397
也	-0.00553806564227	-0.162398125489	-0.0816338283898	0.0941916833299
习	-0.00482204010854	-0.00381596859574	-0.00770949580148	-0.00126023968399
乡	-0.00499457475389	-0.00602675045487	-0.00469924668231	-0.0070434991066
书	-0.0371105642259	0.0143471330559	-0.00819897080033	0.0917868529113
买	0.00264293292335	0.00414041400588	-0.012585963824	-0.0142395558596
乱	-0.00152426755165	-0.0091152965378	0.0185954543643	0.00498069113804
了	0.327529891272	-0.0769130508247	-0.0503653641937	0.224864005196
争	-0.00319742872956	-0.00641069581449	0.00468625078242	-0.000906852881989
事	-0.0375476902658	-0.0295167702539	-0.00118263399331	0.0739078886971
二	-0.0395169933729	0.163002537759	-0.0416643831321	-0.0860389626825
于	-0.11018606393	-0.089575906504	-0.0136781947477	0.0625994624988
云	-0.00734022831147	-0.0160082988734	0.0182354667114	-0.0295756058
五	-0.0332018113217	0.0935449581228	-0.0390187620487	-0.0286864412299
些	0.029959462064	-0.0116086792253	-0.0106105823335	0.0196459866141
亡	-0.00482471523397	-0.00451842892401	0.0108866808336	0.00268924424976
交	0.00116820552505	-0.0024524559051	0.00448828866714	-0.0115727195849
亦	-0.0407131166343	-0.0490483422655	-0.014848332216	-0.0339991944984
京	-0.0162283730788	0.0168932384169	0.00799655559063	0.0310786237213
亲	0.00508848004067	-0.00627348986078	0.0178669771792	-0.0043132087472
人	0.0817493916463	-0.0924477497676	0.106982343547	-0.268428015855
什	0.0156216316626	-0.000990272863886	-0.0110259601799	0.0204304175769
仁	-0.00616025069587	-0.00230067327154	0.0160076982028	0.0143531417628
今	-0.0061805074876	-0.0446293902576	0.0348361411776	-0.0206832402063
仍	-0.00889027124333	0.0111049752273	-0.0121573357969	-0.0115039164582
从	-0.0165092465264	0.00807974347411	0.0194016716998	0.0188172965226
仓	-0.00546318013642	0.00588603291453	-0.0078998952676	-0.00519229160533
他	0.149180624173	-0.0592821642976	-0.0292316133006	0.0756006483251
付	0.000125997007945	-0.000504554988773	0.0039383317037	-0.00410400930222
仙	0.00907361501263	-0.00883478798935	0.00667247224932	-0.0104685870263
代	-0.00634344251335	-0.000128640146581	-0.00432347794386	0.010797538089
令	-0.0272319305853	0.0139956555535	0.0607102181605	-0.0342991959381
以	-0.21842598007	-0.116179303209	-0.0661480429279	0.204654187802
仪	-0.0063783909015	0.0109401196477	-0.000855975935584	0.0154944705242
们	0.0528815658573	-0.00508881047913	-0.0266860762157	0.0599379938626
仲	-0.0041770250483	-0.00460486910611	0.00388889390924	0.00592400190296
件	0.00820935332167	0.00069331457204	-0.00814938047665	-0.00159510123567
价	-0.00319028118344	0.00369137751251	-0.0154156509677	-0.0126371475342
任	-0.00987838913865	0.00370735208109	-0.00460533076186	0.000117164051968
伏	-0.00530678017015	-0.0042370376239	0.0196420800436	-0.000679221430791
休	0.00206420246924	-0.00284664070486	0.010386212297	-0.00619837542128
众	0.00919841999423	-0.010071053592	0.0808325964095	-0.0214675906586
会	0.000805030040381	0.0059656175664	0.00168605200576	0.0199998059222
传	-0.00808994956279	-0.00397197865855	0.0129945129246	0.0113470991958
伤	-0.0014158528446	0.0071446761266	0.00617277529717	-0.0458898559103
伯	-0.00431798646402	-0.000326920321987	0.0112393971568	0.0221469555516
似	0.0035407401782	-0.0079803640293	0.000354582235617	-0.00822271622584
但	0.00384292596667	-0.0181832482756	0.00563877317223	-0.0170920426709
位	0.00982552701725	0.00708171020581	0.0150112749306	0.0284430131181
住	0.0244672034087	-0.00229264449585	0.0254213937646	-0.0145901481523
体	-0.00330785882927	-0.00636941074125	-0.00700199314095	-0.00190670488972
何	0.0104835175908	-0.0845330459969	0.0779537222159	-0.0718904809585
余	-0.0262404353308	-0.00714758195024	0.000694882084349	-0.0209601635072
佛	0.00316326648705	-0.00427521155991	-0.00399284515524	-0.000736296847955
作	-0.00403188143987	-0.00928705160075	-0.00740718429043	-0.0133330915197
你	0.140007377012	-0.0250097107872	-0.0141061616279	0.0445695884957
使	-0.0473050777976	0.0192981670057	0.0560226534017	0.125783860937
例	-0.0118762248289	0.0186526267657	-0.0320339110547	-0.0357451716598
侍	-0.0130010984002	0.00839913995908	0.0115850395666	0.0412147575212
供	-0.00218895098641	0.00166138470561	-0.00573990587287	-0.00757429634783
依	-0.00232558107402	0.0114664246693	-0.00547335344732	-0.0167444064991
侯	-0.00563685509718	-0.00117772764617	0.0318170128212	0.0121105108009
便	0.0464966093113	-0.0299460825593	0.00506534661817	0.000556759111879
保	-0.00668098218428	0.00743634668009	0.0159144800061	0.00534540966936
信	0.00170570690844	-0.00877505388095	0.0145753883772	0.00475995893605
修	-0.00990591327295	-0.00204118508872	-0.0105756562404	0.00737094604168
俱	-0.00616939383131	0.00636244561024	0.0148695207696	-0.0197153831986
倒	0.0169342557684	-0.00539907600167	-0.00210248569036	0.00529617774232
候	0.00592266786152	0.00324404923741	4.62219035068e-05	-0.00780969055816
借	0.000494554443865	-0.00292813106183	-0.00515041699542	-0.00868541078975
假	0.00119743703453	-0.00760916123916	-0.0018828967144	-0.00781778021812
做	0.0288778595181	-0.0140414671981	-0.0134452203942	0.0157921929143
停	0.000634295033153	-5.45238235161e-05	-0.00125844550204	-0.00431184914385
僧	0.00678390764934	-0.00587898191482	-0.00260137360197	-0.0108597872201
儿	0.0554726343168	-0.0137943785281	-0.020231336144	0.0871036854712
允	-0.00287891557723	-0.000780076193134	0.00500039456581	-0.000853808089067
元	-0.0236679425023	0.0425189008479	0.0441088796012	0.0610584861592
兄	0.0137352461587	-0.00997154883562	0.0219091223823	-0.03324525462
充	-0.00593971738329	0.00659024061069	-0.00344162096742	-0.00444877037383
先	-0.00956336768838	-0.0253689132563	0.0312105136269	0.0197871015281
光	-0.00221691259573	0.00284195618049	0.011787554055	0.00283186760791
克	-0.00937297412394	0.00796638574956	0.0123274051931	0.0221883298638
免	-0.00621635037214	0.0026103295559	-0.00464096567302	-0.0109149680833
党	-0.00425964272855	-0.00316206488821	0.00751339182528	0.00883374787573
入	-0.0311067584057	-0.00967066892867	0.0627937437002	-0.000109157198012
全	-0.000680593607288	-0.00170646278703	0.00939335562927	-0.00815294147218
八	-0.0170929445819	0.0626090367004	-0.0347910311552	-0.017034557362
公	-0.0150403859998	-0.054514399014	0.06177908725	-0.032983353891
六	-0.0268920231924	0.0703150811907	-0.0443707431275	-0.0163367831115
兰	0.00222976431369	-0.00049909364515	-0.00321359998146	0.0052364364463
共	-0.00507002830039	0.00248512129873	0.00326405509764	-0.0131647626514
关	-0.00481711900665	0.00290774847282	0.0351573999615	-0.0145171994111
兴	-0.0111115813596	0.00791769183864	0.0101333331483	0.0222581620734
兵	-0.0664782820954	0.030976563158	0.333786037745	0.0475580101092
其	-0.150369974897	-0.12530818101	-0.0498935581	0.0341727549565
具	-0.00883840021229	0.00365888731775	-0.00789288445066	-0.00922719051865
典	-0.00758639714089	0.00792932064474	-0.0097671291574	0.00681592360681
养	-0.00369724276509	-0.00264078219361	-0.00676559361669	-0.00525129520862
兼	-0.0100909382794	0.00856512602651	9.89856442079e-05	0.0199294029714
内	-0.0077159510164	0.0152246326124	0.00454198729611	-0.0370077206779
册	-0.00479339937048	0.00712350090133	-0.00726456357183	0.00212662285909
再	0.0124317051658	-0.0116217359659	0.0133507825046	-0.00703773458569
写	0.00736628384255	-0.00226624526257	-0.00463086660968	-0.00385751403774
军	-0.0548671391468	0.0758504905151	0.232094796067	0.0341980856634
冲	-0.000191493024949	0.000895612391934	0.0170755491339	-0.0056840534242
决	-0.00461739342636	-0.00188484222916	0.00333511354868	-0.00588483999451
况	5.83489910962e-05	-0.008925412931	0.000391213028942	-0.00263547173005
准	-0.0048050939176	0.0177909508254	-0.013610510287	-0.0293001749681
减	-0.00666995136594	0.011248988981	-0.0188894029259	-0.0215906234303
几	0.0198252295947	-0.0164318303421	-0.0146493033689	0.0203671828009
凡	-0.0116753332229	0.00707401435785	-0.0231178033957	-0.0120182497722
凤	0.00210661956131	0.00330718070222	0.00435997016077	0.00587004835375
出	0.0258471588412	-0.0378183925297	0.079105624373	-0.0168038979895
击	-0.0083226578005	0.00254923659116	0.0207552344419	0.0104015079043
刀	0.00774612734329	0.00412613628131	0.0345016323565	-0.0243276780377
分	-0.00384524955826	0.0210507456047	-0.011241513401	-0.0521458121556
切	-0.00281682697197	-0.00623029013257	-0.00690536824219	-0.00646138186779
刑	-0.00665971573159	0.00436958274722	-0.00545790198635	-0.00608919579422
列	-0.00569927898649	1.72820077213e-06	0.00292461983151	0.00663828012975
刘	-0.00795310155661	0.00506563995284	0.0604544915086	-0.000455987024886
则	-0.0533281043546	-0.0741631721369	-0.0759729611755	-0.0105530538229
初	-0.0169680836126	0.00694543928368	-0.00099059439874	0.0163780349175
利	-0.0118890716266	-0.0135604630679	-0.0166266240376	-0.00493638546097
别	0.00502477523546	-0.00364061760042	-0.00542410921642	-0.0109418940495
到	0.0888754596716	-0.0190498405938	0.0320097439535	-0.0160512751084
制	-0.0217965190883	0.00972422619781	-0.018688086293	0.0248731736554
刺	-0.00267846037483	0.00331403637876	0.015010887339	0.0069932996695
刻	0.00297208787586	-0.00173645519344	-0.00294964434856	-0.00622994943571
前	0.0145176644988	-0.0032107560051	0.0653656496808	-0.0595992725951
副	-0.00940578207285	0.0186147112995	0.0114919283324	0.0190053819903
力	-0.0107336661461	-0.0150195191253	0.0138876398232	-0.00200669335148
劝	-0.000326605765421	-0.00596178634625	0.00167594991363	-0.000994112966618
办	-0.00124508446317	0.00730358075495	-0.0241078669346	-0.0168295347513
功	-0.0139728829955	-0.00145158503754	0.0346209612792	0.0129539799145
加	-0.0131086481073	0.00736464703573	-0.00781877323735	-0.000362310186658
务	-0.00913698438968	0.00445410244931	-0.0121039001977	-0.00636146126752
动	0.00710849881887	-0.0115510157597	0.0096912559239	-0.00630163093318
助	-0.00175052972053	-0.00249037106154	0.0108128580379	-0.00401396337694
劳	-0.00296270352802	-0.00443230160036	0.0071990266202	0.00147530153671
势	-0.00754132139226	-0.0095906794974	0.0140849061473	-0.00425663675019
勇	-0.00273952169812	0.00173061253641	0.0263781005311	-0.00912757480651
勒	-0.00575311302683	0.00698230743974	0.0118360024462	0.00441561776539
勿	-0.00336469864569	-0.00537686769301	0.00421269340897	-0.00149200633817
包	0.00571615513756	-0.00201222181761	0.00447133052661	-0.0365203346634
化	-0.00198701220202	-0.00130873819896	-0.00173826355814	-0.00229440008274
北	-0.0204889424036	0.0185764574461	0.0112430977235	0.0306738785439
十	-0.0900501720245	0.234787369116	-0.118128448752	-0.0613101246547
千	-0.0176236910093	0.0315179774716	0.00157722228146	-0.0244586926931
升	-0.00659534708139	0.00819722404293	0.00207071047176	0.00579709749886
午	-0.00365860436019	0.00465717005787	0.00429920277988	0.0101783728259
半	0.00723426571566	-0.00598378273061	-0.00223814255317	-0.0131246553705
华	-0.00214865726248	-0.00265334616613	0.00330447226233	-7.64784471547e-05
卒	-0.0149862310814	-0.00102135635365	0.0203997714931	0.0357642900839
单	0.0021278331928	0.00117916196605	0.00276263077952	-0.00350239020537
卖	0.00279749232644	0.0038657917838	-0.00871437166625	-0.0169104164029
南	-0.0405525910627	0.0398537826331	0.0277184979671	0.0647921723346
卫	-0.0141829473178	0.0295632424246	0.0039370816121	0.0123649976159
印	-0.00418935593458	0.00578785189582	-0.000476992544815	-0.00358450526416
即	-0.0242047962503	-0.0318737503194	0.0281090877859	-0.0522776526688
却	0.0221189304412	-0.0201266470886	0.0202757510796	-0.00631012796185
卷	-0.010289005407	0.0360759675238	-0.0326768642265	-0.00968469359022
卿	-0.00621270750056	-0.00592810593777	0.0154084748852	0.0174308425762
历	-0.00798988612827	0.00433926505743	-0.00957093308268	0.00434815907451
厚	-0.00403765859828	-0.00545137083325	0.00158493634894	0.00486507763021
原	-1.77315939342e-05	0.00608399942184	-0.00358856501682	-0.00690207830216
去	0.102211543861	-0.044064342285	0.0533086895843	-0.000956804517618
县	-0.0185497298861	0.0522226160793	-0.0307334253116	-0.011158153461
参	-0.00900697278032	0.00646898929621	0.00507423879657	0.00919938920655
又	0.0263250930424	-0.0441220453253	0.00276130288071	0.0122951018656
及	-0.0393385944341	0.0116236971888	-0.00689239759656	0.00523382110239
友	0.00167438623032	-0.00483828186776	0.00319331907487	0.00509092189457
双	0.00660576742123	-0.00307706983193	0.00655478480407	-0.00858098897237
反	-0.00138251907224	-0.00881590498576	0.015837930732	0.0003494466291
发	-0.00363216221176	0.002592752285	0.00748658677061	-0.0234508212002
叔	0.00140796334192	-0.00330437116867	0.0130971979897	-0.00584417667954
取	-0.00598429419669	-0.00820411371513	0.0240827552317	-0.015488071931
受	-0.00457531416282	-0.00755247917035	0.00891752530043	-0.00318469008243
变	-0.00410609017105	-0.0121394263307	-0.00378237502381	0.000582709180752
口	0.0108380458942	-0.00379127884937	-0.00226795444026	-0.0223193158483
古	-0.0127760310971	-0.00658492265906	-0.0115503723726	0.014856550881
句	0.00795172972505	-0.00671820987229	-0.00948375077103	0.00562031199436
只	0.0684162409553	-0.0367647287177	0.0381566615498	-0.0261412198339
叫	0.0449573112771	-0.00747542870036	0.00845641125041	0.00497933742466
召	-0.0105538666158	-0.00401261243102	0.0171817145678	0.0259317666878
可	-0.0235419564806	-0.0984052000746	0.0135630474721	-0.0184474044375
台	-0.00656331810306	0.00703911937414	-0.00235109972831	0.00683562465796
史	-0.0274003246587	0.0144294585439	0.00689879091009	0.0735304379119
右	-0.0134938209616	0.0178426750351	0.0256809206167	0.0287685879933
号	-0.00600298398455	0.00480032893589	0.00979786526524	0.00306823577985
司	-0.0349067798955	0.0546772191469	-0.0328075711209	0.0194987541042
吃	0.0258700969092	-0.00518755722634	-0.0117298357802	0.0140428313656
各	-0.020032917287	0.0313805109415	-0.0236544270513	-0.0749186488771
合	-0.0100973775576	0.00902606514038	0.00677593539023	-0.00686445475649
吉	-0.00480816932929	0.00303276898896	0.0107910922533	0.0101177478418
同	-0.00258184604259	0.00982426418548	0.0024168096336	-0.0086356328804
名	-0.0102019915289	0.00477475410702	-0.00414279979343	-0.0395996839896
后	-0.018639351013	-0.0168949765474	0.0398531469219	0.0210285588165
吏	-0.0154058351779	0.00458746539267	-0.011818599533	0.00973652028025
向	0.00896899806175	-0.00862020231082	0.00844242546471	-0.00997591803407
君	-0.0128475979428	-0.0366365372224	0.0278174889718	-0.00556025164663
否	-0.00257505825691	-0.0060820552027	0.00183634638925	-0.0118047448131
听	0.0381210191166	-0.0127605969586	0.0212805888432	-0.00775291098116
吴	-0.00575419720549	0.000859345447892	0.0273459632627	0.00552337279718
吾	-0.0143272742931	-0.0327648596248	0.0531875541428	-0.0124143849891
告	-0.00206113963112	-0.00299970912338	0.00336231452096	-0.0159926064239
员	-0.00771860768412	0.0324540461058	-0.0117518117056	-0.031383640826
呢	0.0160534277189	-0.0023444509221	-0.0193681226696	0.0359169424298
周	-0.00455134657535	-0.00317591158252	0.0162255660359	0.0097628057577
呼	-0.00130536232952	-0.00699362528881	0.0152942573298	-3.97579737278e-06
命	-0.0143126140879	-0.00558572504297	0.068547376652	0.000260506315996
和	0.0120222653297	0.00893084366657	-0.0109932741178	0.0368488451939
品	-0.00440298220142	0.0169759396962	-0.0115784824924	-0.000385561712246
哈	-0.00281469008667	0.00929017074649	0.00820306107658	0.0187136387055
哉	-0.00685270719405	-0.0150741559656	-0.00446962311393	-0.0016404101238
哥	0.0140607916363	-0.000944622259892	0.00452043686801	0.00760299668182
哭	0.00471702075934	-0.00723739736012	0.00793898762997	-0.00230759565738
唐	-0.00572482906203	-3.93455543129e-07	0.0131975940072	0.0134973734715
商	-0.00585893336227	-0.00248002760233	-0.0124733680533	-0.0201309361889
善	-0.00722169353381	-0.0140042537662	0.00192803248336	0.00388270352026
喜	0.0114507623663	-0.0148034846345	0.0253840669639	-0.00758309062125
喝	0.00701150967078	-0.000346113745963	0.0111216749004	-0.0064238688683
嗣	-0.00495250956903	0.00299710066483	0.00331866089086	0.00871443454244
嘉	-0.0101362027248	0.0135093799973	-0.00470042735286	0.0083512761885
器	-0.00495425769722	0.00108334075268	-0.0020855624134	-0.00304931247977
四	-0.0301836094618	0.0958270034977	-0.0410033916944	-0.0271459277498
回	0.0472606070375	-0.00878631034799	0.0682744738424	-0.0572474823984
因	0.00119849882473	-0.0196662395146	0.0017979298034	-0.0337111555003
园	0.00322578714675	-0.000975625743949	-0.00397001748036	-0.00195445778169
围	-0.00285597086563	0.00210376757926	0.0222450088648	0.00399272587841
固	-0.0103261564639	-0.00992623013436	-0.000532336533579	0.00503126004259
国	-0.0498360070503	-0.0165087401537	0.0453041128609	0.0812607632381
图	-0.0102114555027	0.00639278712861	0.00488914775719	0.000286879269029
土	-0.0093616034851	-0.00185814092895	-0.00169112004002	-0.0061102238736
圣	-0.00833446254375	-0.00705217617974	0.00230857264183	0.0102055681488
在	0.0766220938487	-0.0408922413897	0.0194701993708	-0.0321883134995
地	-0.00900364878385	-0.00921447666659	-0.0127750959773	-0.0261476694894
场	0.00209273956923	0.00396372755911	-0.00414157108749	-0.0073710666882
均	-0.00520707653552	0.00419060108339	-0.0101425613313	-0.00889873129931
坐	0.0128127889176	-0.00832561018242	0.00586628959879	-0.00132101971224
城	-0.0269998792353	0.0160500515492	0.112940822764	0.0123623014776
堂	0.00508375109332	-3.29055133587e-05	-0.00484018816064	-0.0152112992124
增	-0.00593015455339	0.00539654750317	-0.0093749114376	-0.00145947588239
士	-0.0332476213952	-0.00604915008531	0.0476312843448	0.0665963672388
声	0.016450934663	-0.0156661704448	0.0358397678592	-0.0257257992602
处	0.000846405379895	-0.00610542129283	-0.00115153798326	-0.047778763375
备	-0.00737937115208	0.000642525175999	0.00788906622696	-0.00747514895704
复	-0.0330869874609	-0.00488378531358	0.0292254272453	0.0325025771501
夏	-0.00896703834916	0.00519970079098	0.0100292888447	0.0207735038268
外	-0.000725440658583	-0.0012483314562	-0.0174206140394	-0.0177391279323
多	0.00475341392731	-0.0253535034403	-0.0179743961645	-0.00365278464304
夜	0.00363541483039	-0.0113017764456	0.0258009466324	-0.019516277585
大	0.0038652013864	-0.0125566462703	0.196478775518	0.0682561791
天	0.00232372246836	-0.0309724410214	0.0561978670032	0.0326662048012
太	-0.00769726326556	0.0302300833844	0.0427189670672	0.189819614001
夫	0.00424424338689	-0.0309826328106	0.00292715308294	-0.0395082872379
失	-0.00861462813742	-0.00734620686786	0.0108859246375	-0.00348560566096
头	0.0473874351761	-0.00561227995059	0.0066252425017	-0.00324990710026
夷	-0.00717544050757	-0.00340186994872	0.000346869850706	0.00239677889787
夺	-0.00380068394572	0.00231075839808	0.0107498097835	-0.0100496402585
奇	-0.00193114619649	-0.00553371330808	0.00322687230028	-0.000295396797964
奉	-0.0120511100678	0.00842410140593	0.0072182201024	0.0130299186791
奏	-0.0222012327606	0.0221195183093	0.0199725927947	0.00487469412066
奔	0.000512882040982	-0.00166332452532	0.0228912312875	-0.0033894462002
女	0.0154318922653	-0.0256168639921	0.00870331550512	-0.0431780048737
奴	0.00173997852232	-0.00161469654349	0.00473521408825	-0.00636665106427
奶	0.0116613601607	0.000290532305302	-0.011326411606	0.0206110080282
奸	-0.00552839704275	0.0103905264406	0.00124715267698	-0.0485319181543
好	0.0600820383435	-0.0272030744788	-0.00498606271471	0.0258407932007
如	0.00798717603537	-0.0661989394001	0.014981726744	-0.059895964777
妇	0.00771712711888	-0.00603989397609	-0.00722817772922	-0.035255208961
妖	0.00716793688802	-0.00613456947976	0.00604265775972	-0.0111398473217
妙	0.00469103419747	-0.00672498407884	0.000801391383546	-0.00527066095209
妹	0.0107618908306	-0.00594178447078	-0.00296127068208	0.00455008200183
妻	0.000184773513045	-0.000460450166633	0.00735053605124	-0.0319889506716
始	-0.0147612580734	-0.00806479489692	-0.0057376777091	0.0114657066502
姐	0.0262210584032	-0.0153554804225	-0.00338501040202	-0.00349769656527
姑	0.0113801889724	-0.00549798712751	-0.00635948711926	0.010340611479
姓	0.00396269356999	-0.00489220564869	0.0129622999126	-0.01290842856
委	-0.00421700794606	0.00390268950845	-0.00837781148186	-0.00584499344428
威	-0.00428049258484	-0.00114539093846	0.0175228798156	0.00350870229772
娘	0.0279991580901	-0.0122515083804	-0.00300481798245	0.00896371234557
婆	0.00882583899896	-0.00330902887517	-0.00206414403929	0.00225662999103
子	0.0450453909468	-0.0433751214556	0.0495270770019	0.145548250937
字	-0.00467880019492	-0.00146063137558	-0.0150273951916	0.0117063540375
存	-0.00509021175281	-0.000838968137788	-0.00517483429827	-0.00438036928187
孙	-0.00479937863069	-0.00182134140162	0.0234190363393	0.0101116383399
孝	-0.00454996542142	-0.00399044471239	0.00418276987193	0.0170191812146
学	-0.0203733865023	-0.00580976299495	-0.0364736238786	0.0448592577594
宁	-0.0133884121443	0.0124617233361	0.0111103726678	0.0212607233146
守	-0.02422951348	0.00406749523628	0.0622963058578	0.0237039841684
安	-0.0182935071809	0.0128618950237	0.0516229032189	0.0479612451046
宋	-0.0114552548733	0.0100584380156	0.0167071825289	0.0274879206614
完	0.00401087405374	-8.5453900909e-05	-0.00359385803345	-0.00192035539279
宗	-0.0300271576073	0.0138731877488	0.0223834036639	0.0923511849206
官	-0.0443426501294	0.0739418822696	-0.0262129862843	-0.0118673129195
定	-0.0112788631484	0.0178978113479	0.00991808980904	0.00891934639415
宜	-0.018319488969	-0.00961286067483	-0.00232123063322	0.0153806084336
宝	0.014095511309	0.00538181542966	0.00456356233142	0.0344574988965
实	-0.0112207473052	-0.0119038796114	-0.0178987043946	-0.00762265306182
审	-0.00270023152619	0.00120364542179	-0.00449399356739	-0.0178034956323
客	0.00436440435078	-0.0061446833367	-0.00200744582678	-0.00796770895174
宣	-0.0114690705685	0.0121763764289	0.0120981375436	0.0267525415722
室	-0.00492669672311	-0.00400528697974	0.00100639674888	0.00232221969259
宫	-0.00863848609855	-0.000384301226552	0.0242551999737	0.0291033830967
害	0.000449917029947	-0.00880581259918	0.00868164104219	-0.0108068254854
家	0.0572980678638	-0.0449403640981	-0.00869779575343	-0.0358689738388
容	0.000366352150101	-0.00909749560192	0.00451608290153	-0.00439799678604
宿	-0.00134117594195	0.00105629929344	0.00167753522206	-0.00284444715441
密	-0.00908833872597	0.00340940674933	0.0174683684751	0.020952706211
寇	-0.00607147453825	8.88785233e-05	0.0162301327456	0.0102461564869
富	-0.00183447577299	-0.00725026787687	-0.00290222312644	-0.00194346466111
察	-0.011121139672	0.00711502591887	-0.0035493293087	0.0166903810063
寨	0.000124199726902	0.0058400517318	0.0336317272046	-0.0068583315449
对	0.00913380557244	-0.00811454033232	0.0102886857556	0.00224787293494
寺	-0.00318733864797	0.00893332782946	-0.00460324243591	-0.00135502826343
寻	0.00440670593901	-0.00547041716629	0.00625457823589	-0.00176344733125
寿	-0.00219162133866	0.00461219658292	0.00482580912588	0.0115803254015
封	-0.0111699183228	0.0116242343318	0.0235165258659	0.0361985261203
将	-0.0082027974239	-0.000261000810173	0.278538986783	-0.0828477062863
尊	-0.000652481443528	-0.00168020284992	0.00061226410844	-0.00538704040278
小	0.0486832847485	-0.0324577757476	0.013985141096	-0.0615677654263
少	0.00157494028132	-0.00929367297144	0.00131351365929	0.0152634569092
尔	-0.0132097356986	0.00539722844265	0.0241205702966	0.0109400590272
尚	-0.00865320619979	0.00339619507161	0.00578070680925	0.0284532131031
尝	-0.0106431778267	-0.0107263477748	-0.00271623647222	0.0188852299467
尤	-0.00463105384253	-0.00673531600472	-0.00802744046604	0.0025263315643
就	0.0655581322996	-0.0151244817709	-0.0213771012566	0.0495079973493
尺	-0.0027389319208	0.00355377535937	-0.00758037275369	-0.00790362715453
尽	-0.00799029435096	-0.0125638591188	0.0162444443343	-0.0227850750129
局	-0.00365770470307	0.00534411938151	-0.0163740818375	-0.0078262320275
居	-0.014280578802	-0.0073163562493	0.00290562424456	0.0131900109084
屋	0.00517250905226	-0.000364824710017	-0.00585575183652	-0.000456693147104
属	-0.0134512505857	0.0164779174356	-0.013971191624	-0.00686829610981
屯	-0.00720170112494	0.00653680636124	0.00969732795968	0.00683525978884
山	-0.00799585437875	0.013903201801	0.0721185106595	-0.0224392450873
岁	-0.00906040755325	0.00378574587734	-0.0129234212813	0.00497174720884
岂	-0.00297252471688	-0.022370942202	0.00960091635058	-0.0091378558064
岸	-0.00121009314356	-0.000127585553189	0.00159433879324	-0.00628312446282
崇	-0.00719551670211	0.00306655432905	0.00450278208988	0.01523138376
川	-0.00741337155165	0.00831094590336	0.00319193571717	0.0101934772963
州	-0.0613559549827	0.107172459795	0.0568585848271	0.14154568398
巡	-0.00698189604391	0.0148639192363	0.00336469133842	-0.0035627529373
工	-0.00737812794919	0.00319099772032	-0.0231925070626	-0.00480819460656
左	-0.0141449367984	0.0146220828028	0.0311727578879	0.0277839377427
差	0.00244739362868	0.0137322146301	-0.000998914362176	-0.0299969382747
己	0.00577898792837	-0.00249751297302	-6.48273390567e-05	0.0268412940844
已	-0.000575621091676	-0.0336658055698	0.037348888932	-0.0411399288474
巳	-0.00949844581669	-0.00217097412979	-0.00473898565812	0.0156086210549
市	-0.00473228708339	-0.00116954830474	-0.00259016035909	0.000875155894108
布	-0.00729982710672	0.00873448682547	0.0034972097903	0.00385449402248
帅	-0.00250858297029	0.00592418126562	0.0510530461254	0.00550866723704
师	-0.00574701512507	-0.010030414715	0.0522846373641	0.0337772425911
帝	-0.0329039877563	0.0030190234739	0.0468135525383	0.117088045298
带	0.0126006554079	0.00923346660048	0.0234065255694	-0.0250570536885
席	0.00336371842518	-0.0023941872138	0.00186512104731	-0.00138143668861
常	-0.00761969714704	0.000712847635186	-0.00454633129708	0.0135367805693
干	-0.000317737262505	-0.000437006448121	-0.00551243464416	-0.00111520495615
平	-0.0218415570504	0.0193506439272	0.0239360114446	0.0503594194867
年	-0.0776424692179	0.153092402216	-0.107573244781	0.0675235774938
并	-0.0139628195318	0.0269321276632	-0.00675499604284	-0.0308535645345
幸	-0.00278608361433	-0.0095461842431	0.00766980291935	2.49881354002e-05
广	-0.0126956048366	0.0127750747649	0.00371426128757	0.0115472985161
庄	0.00160919061726	0.000897100088717	0.00340886842485	-0.00270354185928
庆	-0.00163330287919	0.0146204636985	0.00612187360883	0.0197366627063
库	-0.00480366632186	0.0106034595415	-0.0056796730982	-0.0013848176554
应	-0.00737203527602	0.0144229022114	-0.00239717582551	-0.0363749919313
店	0.00777086846507	0.000416248342798	-0.000402786300376	-0.0112909999039
庙	-0.0046281637639	0.0066607924228	-0.00550355845627	0.0180255586301
府	-0.0127948157726	0.0475075894461	0.00754088221301	0.00897425805348
废	-0.00553566616257	-0.000614962735435	-0.00376648842258	0.00565697916111
度	-0.0100537724184	0.00769900922941	0.00193307063952	0.0248363479632
座	0.00431381608526	0.00251823716629	0.00107431227078	-0.0042395218068
庶	-0.00682051842765	-0.00301380119584	-0.00358669189396	0.00456315371073
康	-0.00433951485232	0.00673717386142	0.00402493255365	0.0090465987017
延	-0.00737959617682	0.00291028693401	0.0145498510448	0.0140907460507
廷	-0.0102887272422	-0.00406251197351	0.0140210487272	0.0168561556154
建	-0.0143484461587	0.0104426284356	0.00907546491886	0.0237479483895
开	0.00758173658324	-0.000657865956798	0.0050727123671	-0.0163292105046
异	-0.0074164226555	-0.0118592850184	-0.00175828186786	0.000637242360751
引	-0.00878615322468	0.00448163571674	0.0155525675518	0.000678539930965
弟	0.0123955802035	-0.0117721514137	0.0248476229974	-0.0189296217009
张	-0.000486964472014	0.00346454572367	0.0561830718938	0.0108162696939
强	-0.000542307085877	-0.0062227236154	0.00370674213858	-0.0169310186697
归	-0.0166362674293	-0.0121031990677	0.025639610352	0.00310291155965
当	-0.00321884923192	-0.035252218728	0.0203815070979	-0.00962435227181
录	-0.00849715665894	0.00803152833646	-0.00887444118785	0.00635096708483
形	-0.00182801620482	-0.0059829339261	-0.00585430684999	-0.00682137475762
役	-0.00627469484573	0.00392875649296	-0.0131359343303	-0.0176396392507
彼	-0.00655222034268	-0.0153962496812	0.00564260775974	-0.0118242277841
往	0.00170332469188	-0.0116418643726	0.0363459159968	-0.0277136306471
征	-0.0119520459875	0.00590528260093	0.0112185495631	0.00812426069259
待	0.00290534401244	-0.0123876435632	0.0241945466031	-0.0128620947145
律	-0.00686739886307	0.0064374631201	-0.0124178321395	-0.0148998135083
徐	-0.00392158286431	0.00133755514013	0.0184113513236	0.00263384805445
徒	-0.00331618383792	-0.0014506952269	-0.00666368831645	-0.0176400003946
得	0.0547486456045	-0.0967108302033	0.0405967676824	-0.028831246115
御	-0.0261430058983	0.0188148895846	0.011920163537	0.0533699908256
微	-0.00122867482412	-0.00590600944974	0.000354578514988	-0.00316716905154
德	-0.0187601488397	0.00954125636506	0.0361036788858	0.0401281258572
心	0.0256062401949	-0.0686056721592	0.0207540378381	-0.0359831246351
必	-0.0132909338132	-0.0474985302775	0.0108925052675	-0.0186493403493
志	-0.0104652256189	-0.00359293962312	-0.00170788580428	0.00980475493342
忙	0.0198003945459	-0.00720454194964	0.0163550065303	-0.0045804401143
忠	-0.0112547692849	-0.000624443063499	0.0430594734747	0.0325327839712
快	0.0120512907493	-0.00427360305475	0.00679787000948	-0.00531952415919
念	0.003497643537	-0.0107157722965	0.00187318521946	-0.00568451217746
忽	0.00486837708673	-0.0110718140666	0.0209764563134	-0.0132476406697
怀	-0.00233359282881	-0.00245739756187	0.0115789309638	0.00340542810989
怎	0.0218340814687	-0.00910749838723	-8.76505167786e-05	0.00780507682598
怒	-0.00104243428525	-0.0086405138286	0.026382909982	-0.00157197420512
怕	0.0129777316599	-0.00525086607291	-0.00229489848917	0.0069032115832
思	-0.00279491183856	-0.0136923599263	0.0129865408749	0.00442238846806
急	0.0017552928911	-0.00973256255215	0.0266479083759	-0.0103989430749
性	0.00311232669104	-0.0123813351965	0.0014905491637	-0.00505612343199
怪	0.00720943000841	-0.00792890016962	-0.00077787542243	-0.00457434100451
总	-0.00746877629654	0.0192551716585	0.0136857237974	0.00908795184166
恐	-0.00241286381646	-0.0135153632597	0.0138472292475	-0.010029851365
恨	0.00226918055222	-0.00688965503613	0.00885638394504	-0.00673766293452
恩	-0.00121064270705	-0.00207743792994	0.0196981822368	-0.00226069414857
恭	-0.00305480896947	0.00340475053297	0.00222683568073	0.0107339863685
息	-0.000563348677004	-0.00708308591444	0.00486062172292	-0.00613702614545
恶	-0.000193424041763	-0.00952790606362	0.00267588985303	-0.00722343247721
悉	-0.00846705049276	-0.00135560268388	0.00259401937552	0.00811747960606
患	-0.00507034730257	-0.00628282165278	-0.00222311126695	-0.0012965525384
情	0.00750132888389	-0.017501555412	-0.0139681366388	-0.0482735662389
惊	0.00584220504463	-0.0106238970261	0.0260722653707	-0.0186182630423
惟	-0.0150719280585	-0.0140752071236	-0.00788670162344	-0.00149855433557
想	0.0324692933457	-0.0149988788544	-0.0017597085962	0.00484744013035
意	0.00470173955546	-0.0343528479652	0.00210145000955	-0.00557726985885
感	-0.000362776334255	-0.00701348143181	0.00143877947696	-0.00228211439332
愿	-0.00110149020514	-0.00917211817421	0.0114133563801	-0.00472479920671
成	-0.0109793733645	-0.0100493198783	0.0190591404228	-0.00352869057124
我	0.150437325032	-0.0652152443977	0.00630158650557	0.0567062614205
或	-0.0178602235654	-0.0173333923118	-0.0314618716895	-0.0153235239847
战	-0.0120103907916	0.00241541485379	0.0887715688768	0.0101068453294
户	-0.0139752313994	0.0243217660238	-0.0185879956749	0.00347103624599
房	0.0219517841362	-6.81497542252e-06	-0.0100749222503	-0.0038132117123
所	-0.068044987346	-0.0511630999203	-0.0594996438318	0.00578667873625
手	0.0270384828717	-0.0107049070066	0.025849450296	-0.024402124318
才	0.0226863506442	-0.021400619604	-0.00390029250494	0.0130050690279
打	0.0347539226621	-0.00238505193192	0.0204180230163	-0.0172088880178
托	0.000170807530835	-0.00242337300072	0.00239653608977	0.00289542758595
执	-0.00699045235943	-0.000424999413736	0.0103290719122	0.00633293497697
扬	-0.00200035500075	-0.00121551500991	0.00555279438435	0.00225726524985
承	-0.00670654729764	0.00379193112193	0.00241786420895	0.010027625443
把	0.0540432010363	0.00449749413263	0.0149942111623	0.00057888909833
投	-0.000405069794315	-0.001711271428	0.0155127136965	-0.0125665032593
折	-0.00361750386869	0.0055941445379	-0.00829589213395	-0.0125012228937
抚	-0.0165589281958	0.0103263098738	0.00469452619958	0.00973153201001
护	-0.00225003741872	0.00281437554621	0.00925016898553	-0.00287259973338
报	-0.00125355747715	-0.00707406815857	0.0427857453679	-0.0333988243503
抵	-0.00362819319083	9.20537455977e-05	0.005580418755	-0.0071705664612
招	-0.000616047332163	0.000342421868505	0.0139379304197	-0.0046107990649
拜	0.00083931268627	-0.00163458967276	0.0234639137853	0.0130977135967
拟	-0.00579332733278	0.0101601503476	-0.0109624335633	-0.0303665007402
拿	0.0218354280728	0.00300511196007	0.00430284994423	-0.00543415119118
持	-0.00449685577959	-0.00683156383738	0.00643823579381	-0.00268637420972
指	-0.00366137358652	0.00324197455953	0.00255364571957	-0.000917907155232
按	-0.0106138535518	0.00958789596175	-0.00679993807849	0.00399757033695
挥	-0.00494064151472	0.00870242507804	0.00682736653851	0.00519350689524
据	-0.00911191457183	0.00800596365092	-0.00126410162778	0.00101628321668
授	-0.0109175095294	0.00713316644437	0.00709863762349	0.0251105621817
掌	-0.0010976619284	0.00590794787102	-0.00244103476541	-0.000571063383441
探	0.0039850172068	-0.0012386675243	0.0104804294955	-0.00507001780263
接	0.00714460143198	-0.00272102616461	0.0182157036037	-0.0116810320366
推	-0.00177937115437	-0.00365349045176	0.000353730209205	-0.00106766464359
提	-0.000678657806715	0.0124211513187	0.00495706556333	-0.00490701542763
支	-0.00526624089271	0.0124181278298	-0.0104200176713	-0.0105792680776
收	-0.00122553730242	0.0056925802238	-0.00329875818144	-0.0280318642675
改	-0.0132167390979	0.0214582140274	-0.010659581581	0.0165840084959
攻	-0.0118228444963	0.00407654966512	0.0487942546042	0.0236342795186
放	0.0125805480617	-0.0016551661064	0.0103950114248	-0.020594745146
政	-0.0207366640591	0.00481907817162	-0.00381547615406	0.0502261012638
故	-0.0230622429265	-0.0282889228905	-0.00831123965275	-0.0132610852675
敌	-0.00538788249505	-0.00287205616233	0.0383221130713	-0.00166736592973
救	0.00221822362632	-0.0071685446106	0.0301697907255	-0.0170689595162
教	0.00206067715655	-0.00904956262145	-0.00691797632761	-0.00399423895071
敢	0.00123123148701	-0.0219932201977	0.0253856430182	-0.00638746651505
散	-0.000889748375481	-0.00216756774182	0.00757924231829	-0.00330934285434
敬	-0.00101590629402	-0.00334208154917	0.00807870466075	0.00469047256237
数	-0.0275902019878	-0.0120713577777	0.000431301444293	-0.0220605855767
文	-0.0298296256378	0.0120651939141	0.0104162056075	0.0307767363469
斗	-0.000722218792643	0.00447770000856	0.00191235221962	-0.0125645516454
料	0.00221300101474	-0.00123058929952	0.000557247554905	-0.00895109722462
斩	-0.00591512812264	0.00239353942745	0.0261534576166	-0.00420800762688
断	-0.00148139296974	-0.00445369405884	0.000270608839723	-0.0130602167502
新	-0.00557980725981	0.00317661198506	-0.0104274148852	0.00314930385427
方	-0.00193912480717	-0.0202306513841	0.0154673803145	-0.0150631732678
施	-0.000644147753616	-0.000949648046526	-8.22562762739e-05	-0.0102476626989
旁	0.00421913293236	-0.00258917099557	0.00201897012187	-0.00608335535759
旗	-0.00346998698774	0.0148143703978	0.0162407092585	-0.0199367335963
无	-0.0336359385812	-0.0958672858729	-0.0062005153352	-0.0818419263415
既	-0.00936717803981	-0.023210418404	0.00472752449536	0.00390501042395
日	-0.0127177063877	-0.0170774690425	0.0506859369973	-0.0812542608965
旧	-0.00924010820437	0.00966661199716	-0.0141428599205	0.00594062902863
旨	-0.00615104073886	0.00148168681693	0.0152049902067	-0.00359162236962
早	0.0143131403207	-0.00906052265735	0.0152193695167	-0.00759150506737
时	-0.000385712894345	-0.0548378164516	0.0176031734356	0.00816354058772
昌	-0.00701909037038	0.00556888810197	0.0123341808158	0.0155643798808
明	-0.00882811382418	-0.0101561931	0.0209533493152	-0.00317121487427
易	-0.00924888786385	-0.0104592037123	-0.0136446770123	0.0040064395397
星	-0.000912028418506	0.00127254316889	0.00500392938318	-0.00361735649069
春	0.00203444793025	-0.00028947240294	-0.00202182348347	0.0171993913758
昭	-0.00572679241632	0.0026341447281	0.00573753826014	0.0136898464424
是	0.159240175373	-0.114408401259	-0.0166565489426	0.0853040671567
晋	-0.00791470955077	-0.00154908116471	0.0183243806993	0.0155249169686
晓	0.00525491848612	-0.00436448575907	0.000266031740041	-0.00214076574909
晚	0.00720472938189	-0.003994093952	0.00404229783832	-0.00571666018242
景	-0.00104562741324	0.0013346186537	0.0072135080745	0.00872024725257
暗	0.00867937862809	-0.00682931392033	0.0126319873638	-0.013556177968
曰	-0.0975752448074	-0.0956924347974	0.201700789741	0.052304986353
曲	-0.0022908543309	-0.000922872440564	-0.00370548779132	0.00282390838257
更	-0.00112830900756	-0.00836227305135	0.000852335410323	-0.00855989993615
曹	-0.0036342778081	-3.00764585733e-05	0.0172206952034	0.00174288074635
曾	0.0025550003076	-0.00732508958031	0.0026075481454	-0.00660857103998
最	-0.0017468602914	-0.00630376100903	-0.00792767855988	0.000144964132785
月	-0.041387672259	0.0920655142719	-0.0182320874177	0.0699524686644
有	0.00117499624725	-0.140616285004	-0.0454284167905	-0.0784377217324
服	-0.00504270090179	0.000905376733413	-0.00338375547802	0.00713719950803
朕	-0.00646106060234	-0.000910961079823	0.016520278447	0.0142806531343
望	-0.000100029083167	-0.0114548370809	0.0262510096781	-0.00438206378836
朝	-0.0220892864805	-0.00713387775796	0.0473460568301	0.0356715684243
期	-0.00444500898145	-0.0024235046358	-0.00241559346757	-0.00869973821062
木	-0.0061707359821	0.00477707471171	0.00319529635398	0.0058829263435
未	-0.0285213221822	-0.0229173285897	0.00962594697851	-0.0247058086685
本	-0.0145987023247	0.0238029386222	-0.0365593103271	-0.0368932185771
朱	-0.00245657421772	0.00264691075395	0.012084719955	0.000357374017329
机	-0.00263419459044	-0.00478969751043	0.00426571786131	-0.00354853967518
杀	-0.00821873121961	0.0111298021588	0.0913203288247	-0.0524788280462
权	-0.0073708780479	-0.00434947235298	0.0036573112794	0.0104189392871
李	-0.00171688274853	0.00593645026809	0.0629781531267	0.0169627646278
村	0.00163483464741	-0.00199999987598	-0.000716061908104	-0.0107819136761
杖	-0.00320512199631	0.00539085415413	-0.00936666763646	-0.0191806922262
条	-0.000117746869679	0.0053180093203	-0.013707785716	-0.0128015576743
来	0.180427950455	-0.060448743286	0.103524019362	-0.00458631187625
杨	-0.00310945434858	0.000496249642196	0.0258090435931	0.000198850503499
松	-1.08135565455e-05	0.000388323312838	0.00154419443745	-0.00368823577132
极	-0.00223307170328	-0.00912163572982	-0.00498030412522	-0.000392977313068
林	-0.00243100586962	0.000925272946085	0.00915449615727	0.0109903966093
果	0.0031495273662	-0.0103902763691	0.00439453882078	-0.00694446752222
某	-0.00495285012371	-0.00880240549886	-0.000641951778596	-0.0112891446938
查	-0.00547240626643	0.00592870981841	-0.0188439496919	-0.0344711564119
柳	0.00398393748267	-0.0028721665664	0.00585833434984	-0.00740752923528
树	0.00143499467616	-0.00335862612601	0.00043733144602	-0.00702486792187
样	0.0177469656997	-0.00449223425655	-0.0134220549122	0.0165888400387
根	0.00151435888142	-0.00237860373944	-0.00228843841636	-0.00593519432452
格	-0.00236440629296	0.00170942254812	-0.00577207269324	0.00584923191085
案	-0.00450763468133	0.0112012757397	-0.0155952233911	-0.0328705221936
梁	-0.0022768870835	0.000784726045441	0.0164121208977	0.00376173546034
梅	0.00433988894247	-0.00249777231027	0.000104400102299	-0.00635464087945
梦	0.00436876615744	-0.00660654379733	0.00167110938677	-0.010541320478
楚	-0.00397941535597	-0.00611296126259	0.0161529549827	0.00781503615033
楼	0.00520996752155	-0.00157387695223	-9.90477110533e-05	-0.00414975348338
横	-0.0015188754366	-0.00196882457256	0.00386301681459	0.000919692874742
次	-0.00638931462663	0.00706234792977	0.00463886128431	-0.0138730461134
欢	0.0049185448995	-0.00549929189325	0.00350299929135	-0.00194104888775
欲	-0.019630070099	-0.0293278153536	0.0313063349925	-0.00658973650101
止	-0.0101222363327	0.000431260375812	-0.00805238904246	-0.00862859850449
正	0.00186378411961	0.0144715891541	0.0151045704424	0.00211501092656
此	-0.000503860304276	-0.120846342287	0.0536286545855	-0.143701362441
步	0.00252809017854	-0.00164320650397	0.00780294736147	-0.0060223912089
武	-0.0158120035318	0.020183989833	0.0508644535699	0.0303580753644
死	-0.00978428430023	-0.00671588556381	0.0642035380251	-0.0498458901925
殿	-0.00767766057447	0.0126870983889	0.0160560413021	0.0257196161305
母	0.00354988704383	-0.0149365416102	0.00511261646648	-0.0195819183181
每	-0.0108705693409	0.0111701971805	-0.0295666728449	-0.0212736360378
比	-0.00055542296851	-0.00259413424727	-0.00790914920531	-0.00212452233902
毕	0.0016848741381	-0.00200215114168	0.0126119869968	-0.00920644927083
氏	0.000135311864585	-0.0068638812555	0.0111021817378	-0.0272166883965
民	-0.043585610177	-0.0154605574656	-0.0287452403555	0.00153728758517
气	0.0112508897037	-0.0191310445417	-0.00398269565952	-0.00214999911662
水	-0.0126789400661	0.0017566470882	-0.0124438517548	-0.0193147125947
永	-0.0104272030293	0.0118482823651	0.007881049043	0.0181744204189
求	-0.00334488798839	-0.0175654450121	-0.000204217373631	-0.00188567343858
汉	-0.00613267311984	0.00319472805215	0.0252087904142	0.00553938765815
汝	-0.00807067895821	-0.0123001344289	0.0328842584052	-0.00638434081983
江	-0.0220471693559	0.02343640817	0.0247537279701	0.0211306597903
沙	-0.00317518701359	0.00226529119886	0.00501115342032	0.00221008237602
没	0.0262177698051	-0.00745519944943	-0.0224824291802	0.0404422333442
河	-0.0260482534193	0.0218759105302	-0.00712597479144	0.0321307543523
治	-0.016629359079	0.00109321165107	-0.0176400688297	0.00867784890068
法	-0.0137286155654	-0.0164863266397	-0.0298645486269	-0.018982003399
注	-0.00499243091348	0.00256938943989	-0.0101712816191	0.00204815301788
泰	-0.00403294184438	0.0049717492948	0.00449545675285	0.0103668527317
洋	-0.00204842924877	-0.000800417211562	-0.0129444586706	-0.00656583806833
洪	-0.00421604357651	0.00797923903897	0.00686684674832	0.00217310861888
派	0.000911762530477	0.00334424776624	-0.00373999445135	-0.00705838917221
流	-0.00792722957158	-0.00426904805497	-0.00674871017079	-0.0102664123941
济	-0.00141491559322	0.00359240067095	-0.00356433639614	0.0099727266132
浙	-0.00612031914582	0.00582563689058	-0.00195679128209	0.00639657317279
海	-0.0153049363222	0.00553139112037	0.00353100769129	0.0144593557503
消	0.00351655684075	-0.0060180237613	0.00189151211765	-0.00634862779094
淮	-0.00747732194672	0.00513194460347	-0.000371701596477	0.0128083574966
深	-0.00501033399737	-0.0127387105682	0.00230429359582	-0.00565526780267
清	-0.00437427256336	0.00282571326353	0.0062687168442	0.000654702524828
渐	-0.000926968166837	-0.00613115593571	-0.00345524305006	-0.00204538998143
游	-0.00360568668332	-0.00731175134916	0.000800693830963	-0.00649699355933
湖	-0.00766887890257	0.00985488579026	-0.00396324428634	0.00551007971396
满	0.00186184272198	0.00152054444426	0.00190331230008	-0.0126555426697
火	0.000679582779063	-0.00290592522242	0.0184606158834	-0.0170542101063
灵	0.000630495612288	-0.00332315972389	0.00456426402052	0.000362985264196
炮	-0.00160627422322	0.00414935710612	0.01578343703	-0.00925036396715
点	0.0138882458498	-0.00198664794761	-0.00287569130311	0.00363394488028
焉	-0.0100891887719	-0.0128525297697	-0.00598048152686	0.00297872043686
然	-0.0012960225999	-0.0714063784551	-0.00522796718669	-0.00401984224058
照	-0.00209199212088	0.0179792020004	-0.0239657812424	-0.043309802868
燕	-0.00226977591411	-0.00228022254008	0.0143187710193	0.0107443432836
爱	0.00247070309626	-0.0108059314725	-0.00180015705153	-0.00275716435518
父	0.000853666737252	-0.0165966006716	0.0194263446907	-0.0150851871302
爷	0.0395878600547	-0.00271961446416	0.0096602469364	0.00503929473242
牛	-0.000385517639708	0.00328778505425	0.00656767969387	-0.00595898609584
物	-0.00466521408435	-0.00544835858869	-0.0152133633324	-0.023193283223
特	-0.00786169846462	0.00343098455468	0.00450035435393	0.0119048739427
犯	-0.00827538596775	0.0252867469969	-0.0112627261897	-0.0558812670743
状	-0.00216822359535	-0.00317237841611	0.00172387207544	-0.00561557400825
犹	-0.00730371299959	-0.0133713536492	-0.000113559658011	0.00055167960886
独	-0.00530835163136	-0.0114720617736	0.00297869066198	0.00264201230318
狱	-0.00475743129926	-0.00218672386844	0.000509079998697	-0.000525188959355
献	-0.0070381643814	0.00367659201054	0.0114690401495	0.0164412625691
率	-0.0120056026976	0.0054232801561	0.0231760490546	0.0175615380763
玉	0.0222135607727	-0.00272353073742	0.00196027214385	0.0291012762108
王	-0.0409248170914	0.0170504834096	0.243732685711	0.156254734785
现	0.00485335414578	-0.00196338504068	-0.00311780749484	-0.00959361005176
珠	0.00400065772042	-0.00102816675646	0.00107824267489	0.00238287156638
班	6.88628434071e-05	0.00541507535166	0.00351662079692	0.00655751254984
理	-0.00468460199218	-0.00317418082622	-0.0166806392078	-0.0153519978203
甚	0.00153342053174	-0.024423715946	0.00207967809815	-0.000817078807094
生	0.00821994115279	-0.0682066990327	-0.0148173802215	-0.0487723477922
用	-0.0174767587051	-0.00856722264786	-0.0210753320082	-0.0059983944855
田	-0.0122395067761	0.0037505096128	-0.0176338141387	-0.00141421455946
由	-0.00813233003818	0.00336379171518	-0.0121511630935	-0.011104254998
甲	-0.00971814894348	0.00596265940733	0.0133464935213	0.0123835438159
申	-0.00807622405034	0.00681640641542	0.00029009030353	0.00926822550002
男	0.00225082647207	-0.00303348229361	-0.00094124114982	-0.00602022925184
画	-1.36518117351e-05	-0.00189724086592	-0.00325558798999	0.000401333127892
界	-0.0022359342604	0.00296231953559	-0.000777179682235	-0.00199342667957
留	-0.00216369629321	-0.000959396981499	0.0120711087458	0.00218700748759
略	-0.0049426581296	-0.00110211146406	0.00303824374144	0.00747115165313
番	0.00291219385979	-0.000288619590551	0.0147462534717	-0.0126113026993
疏	-0.0129509231983	-0.00686516687599	-0.00677937814613	0.0106219713032
疑	-0.0022095163034	-0.00792330797533	0.00494391460407	-0.0082459060675
疾	-0.00603571134062	-0.00317253827543	0.00284790412618	0.00696506766062
病	0.000319269771408	-0.0079065135716	-0.00430711284961	-0.00597628728318
登	-0.00349378045841	-0.00194478118095	0.0121407570499	-0.00202948156327
白	0.00855802263915	-0.000546451340106	0.00957948792188	-0.0108703270683
百	-0.0331964319086	0.0523741584914	-0.0311361869575	-0.0368877420013
的	0.254937063567	-0.0561567912486	-0.158881993732	0.307759695165
皆	-0.0384434723218	-0.025262077391	0.0210200810548	0.0243906633594
皇	-0.0213091117832	0.0144674157075	0.0136795220336	0.0687302489381
益	-0.0109233067384	-0.00734178567119	-0.00191602693722	0.0132840445354
盐	-0.00669772763062	0.00851500079215	-0.0165442626181	-0.00594152453615
监	-0.0133199503552	0.0215062213207	-0.000356126179176	0.00774550148503
盖	-0.00591068679618	-0.00591519692644	-0.005355018133	-0.000857762478164
盗	-0.00447274626571	0.00338841658734	-0.00641139011324	-0.0198042594714
盘	0.00237787748152	-9.19053296033e-05	-0.000137441419535	-0.00358409025988
盛	-0.00484464598185	-0.00466982442792	-0.000715743694403	0.00354625680333
目	-0.00238274093585	-0.00473147788658	-0.00463535465282	-0.0167619047791
直	-0.00420712521271	0.00690617500482	0.00892546336886	0.00636547165595
相	-0.00623924378055	-0.0415532866844	0.0472560029681	-0.0210426996285
省	-0.0179489272566	0.0187786446347	-0.0242372659731	0.0123776725359
看	0.0619312599119	-0.0204388300173	0.0136144100249	-0.0156020064643
真	0.0120178175203	-0.019473467554	0.00420312757715	-0.00828218908889
眼	0.0151151644412	-0.0042914948994	-0.000926824979412	-0.00173844336001
着	0.0851123738634	-0.0124536325235	-0.0236845916717	0.0668081746251
睡	0.00780305452407	-0.00401266220151	-0.00146599232841	-0.00253983760477
督	-0.0169935820865	0.0156037450505	0.017428453802	0.00788626711794
矣	-0.0342111475861	-0.0595505697723	-0.0046322194034	-0.0114499387385
知	0.00674706241922	-0.0515887991026	0.0501247869491	-0.00387715917992
石	-0.00890474465123	0.0114593184199	0.002743006816	-0.0123273752487
破	-0.00375073731377	-0.000823995207836	0.0320083151399	0.00748079910904
示	-0.0048990618113	-0.00413758212469	-0.00126719044912	-0.00470708653654
礼	-0.0161023759044	0.0122275576751	-0.00189175355243	0.0448180506862
祖	-0.0154474345992	0.00561703902085	0.0204659435985	0.0502345862544
神	0.000840509082806	-0.00575860776207	0.00503885203023	-0.00274432405668
祭	-0.00666592578821	0.00736206168731	-0.00307297232987	0.0139453890393
禀	0.00285215534421	-0.00106378874916	0.00541526955491	-0.0135474586665
禁	-0.0067333573428	0.000835753165386	-0.00719069447995	-0.00642549071506
禄	-0.00301449955171	0.00362046031024	0.00486344880442	0.00785001182481
福	-0.00501044609178	0.00783880170333	0.00907766941146	0.00932705807055
离	0.00213708661932	-0.00630978229432	0.00820210153567	-0.00942847664011
秀	0.00222676411558	-0.00401205962103	0.0082351673405	-0.00756430470189
私	-0.00632499053531	-0.00172712713862	-0.00767705673745	-0.0154280055144
秋	-0.00160314871228	-0.000831852344623	-0.0080164541733	0.00931842730162
种	-0.00129740973227	-0.00421766146925	-0.0162590693609	-0.00316605424706
科	-0.00783858341309	0.00450894177932	-0.0130919116998	-0.00343307812901
秦	-0.00297619726857	-0.00368288015683	0.030110905585	0.0108369497719
积	-0.0051207981001	-0.00345570071027	-0.00860905318586	-0.00386344723679
称	-0.00990013993988	-0.00509554724111	0.00749876294896	0.0065388645022
移	-0.0058043414119	0.00135659860767	0.000353278932408	-0.000681439819422
程	-0.00165009023575	7.81093481837e-05	0.00162006719641	-0.0105260934782
稍	-0.00465450530666	-0.00320831755023	-0.00373463672283	-0.000561402453876
税	-0.00594005376493	0.00645917707641	-0.0152972326646	-0.0066842112312
空	0.00377454782912	-0.00914870753388	0.00172816153834	-0.0103634270714
窃	-0.00575941802447	0.00434097777218	-0.00911251985246	-0.0218206166302
立	-0.0138173896697	-0.00190100366675	0.0129094518611	0.017927576276
竟	0.00442146308505	-0.0113143283224	0.00207191146757	-0.00340460848358
章	-0.00978971814992	0.0062646306773	0.00227132489946	0.0229032021765
童	0.00331246083271	-0.00358991798797	0.0045190288072	-0.00739353298177
端	-0.00228101713773	-0.00440109468632	-0.00336387495222	0.00319486522658
笑	0.0254567691992	-0.0209070446309	-0.00850921701024	0.0150454089559
笔	0.000186636042039	-0.0033152248053	-0.00578169324392	-0.00192688985883
第	-0.00143043901193	0.0103520851375	-0.00149938517354	-0.0072517895997
等	-0.0286481303935	0.0545255959954	0.0360089771816	-0.0123601171833
答	0.00618403296965	-0.00534729693686	0.00867926422085	-0.00248380926038
策	-0.00492358277024	-0.00466879595285	0.00846962805211	0.00388509945611
算	0.00741412581195	-0.0022193818572	-0.0056414043979	0.00581840409939
管	0.00124124221949	0.0160974907876	-0.00780283029045	0.000277999764652
籍	-0.00592026341602	0.00257407940589	-0.00556271480289	0.00272909430746
米	-0.00447638731441	0.00905009490448	-0.0124446365446	-0.0118321616661
类	-0.00495878692096	-0.000834085090393	-0.0113614964633	-0.00239334015681
粮	-0.00981744435958	0.00948805873532	0.000884906786968	-0.0178960310771
精	-0.00115168839439	-0.00845207694261	0.00393268920588	-0.00347880845597
系	-0.00703201999295	0.00516376399897	-0.00691983371823	-0.0267425342422
素	-1.7129390079e-05	-0.00765208741691	0.00246936035031	-0.000179997941322
索	-0.00198445091524	-0.000498736295475	0.00105309575729	-0.00722145151553
紧	0.00643980822864	-0.00125583064159	0.00337586460572	-0.00268685434116
累	-0.00486645472761	-0.00222243345086	-0.000681123354859	0.00596877503682
红	0.00801080896765	0.00173891169158	-3.14592354026e-05	-0.0102904607383
约	-0.00352588212871	-0.00338313560613	-0.00127260843207	-0.0055051009276
纪	-0.00472517053761	0.00301906621788	-0.00176618878435	0.0116885972879
纳	-0.00859525084881	0.00654221007172	-0.00366202041137	0.0023413941214
纵	-0.00307863510928	-0.00294844739625	0.00581818055055	-0.00533448672781
细	0.00820785836181	-0.00790419461465	0.00281338180028	-0.0122873439283
终	-0.00451999344854	-0.0108790284429	-0.00291769028953	0.000108538291884
经	-0.0112428072203	0.00180800634897	-0.0340377572734	-0.00640840831367
结	6.90282513844e-05	-0.00414478043483	0.00089364416991	-0.00887337889602
给	0.000110150172164	0.0204675687326	-0.0262875854568	0.0129674523586
绝	-0.00339755249138	-0.00954613448409	0.00393345338226	-0.00450170173312
统	-0.00994756966626	0.0132757117422	0.0155831600854	0.0163093640788
继	-0.00624917722816	-0.00157671928649	0.00447187441119	0.0146232211579
编	-0.00584697951032	0.00714693635197	-0.0117690541556	0.00153994209354
缘	0.00224552152647	-0.00245077653635	-0.00347937920939	-0.011513223345
罗	-0.000982348723907	0.00751349174075	0.0117883573861	-0.000910708073462
罢	0.0156283461212	-0.0030403720816	0.00540777516526	0.025953618938
罪	-0.0132703775889	0.00574486262795	0.00206886832994	-0.039756071112
置	-0.013520156968	0.0156828143331	-0.00893874451476	0.0148472337394
署	-0.00456837401886	0.00547819669103	-0.000106437986142	0.000907679142898
美	0.000499299541719	-0.00971646232502	0.000806222217929	-0.00762655373568
老	0.0528775274357	-0.0271832415678	-0.00872319305685	0.00738989096747
考	-0.0096498739167	0.00452513243073	-0.0193342333502	0.00685536241484
者	-0.119924590526	-0.0976728958643	-0.147894823205	-0.044086931732
而	-0.135641785705	-0.209717519372	-0.0865708432131	-0.00945287679715
耳	-0.00770172414588	-0.0210610790639	0.00234003997373	-0.00442069081373
耶	-0.00623540404662	-0.00759024202977	0.0032642352459	0.00528139164871
职	-0.0108385791802	0.00720149106251	-0.00295229780909	0.00146988683388
聚	-0.00250404708784	-0.00157585985291	0.00555521604244	-0.00268232194825
肯	0.00627161364326	-0.0100165496546	0.00480871677967	-0.00288621732627
胜	-0.00382788757454	-0.00590209946182	0.0343381356796	-0.00736235267309
胡	0.00167838669424	0.000360543068785	0.00923629606609	0.00150465373139
能	-0.0145600173376	-0.0556804608992	0.00717685905452	-0.0137326431293
脚	0.00690453161696	-0.00117804012027	-0.00204313377936	-0.00472375966475
脱	-0.000367406116976	0.00140163278141	0.00405702713498	-0.00512345967525
臣	-0.0573187027336	-0.0238715373764	0.0544528984645	0.0690914676968
自	-0.0190941865636	-0.0479595241873	0.0241229976188	-0.0053099906074
至	-0.0614463246515	-0.0136526654147	0.0457117378787	0.0260729042912
致	-0.0130420324874	0.0051744822263	-0.00942545135259	-0.0272057612749
舍	-0.00251046279255	-0.00271826129884	0.00180216616673	0.00255696966902
舟	-0.0061928932949	-0.00300563693704	0.0092148188083	0.00253405802253
般	0.00973855834866	-0.00494135029024	-0.000199597473239	0.000442173253259
船	0.00125911629514	0.00616516911347	0.000143524520413	-0.0310702221192
良	-0.0050292238149	-0.0057226651915	0.0126225494665	-0.00201499550948
色	0.00170939198916	-0.00389217067909	-0.00352506601634	-0.0140098329172
节	-0.0116274654479	0.00766281022769	0.00590317282402	0.0287414296107
花	0.0182219005323	-0.00481768131628	0.000176025721507	-0.0222729791268
苏	-0.00327359443329	0.00206158195928	0.00683690991363	0.00106349535344
若	-0.0078564982458	-0.0410365282505	0.00387216397538	-0.045134142448
苦	0.00324569016055	-0.0112976896086	0.000517150806392	-0.00868349808074
英	-5.38347009899e-05	0.000201874012868	0.0249749200132	-0.00475959903636
茶	0.00446255033573	0.003867045326	-0.00941288429109	-0.00211266648184
草	-0.00148220349118	-0.00177896126311	0.00378356909075	-0.00918763589013
荣	-0.00118279142905	-0.00057585396994	0.00905475004213	0.00619220940536
药	0.00190222937372	-0.00210810083711	-0.00206381736448	-0.00506536258282
莫	-0.00104232542692	-0.0159181408261	0.00181119830047	-0.00762462276887
获	-0.0071267840755	0.00334457604892	0.00738027269205	-0.00680513558808
营	-0.00774544260939	0.0182553139802	0.0542737235342	-0.0264752386332
落	0.00560899883624	-0.00349577135194	0.00777763705673	-0.0158977269887
蒙	-0.00370587158672	0.000927764974673	0.00492269123445	-0.000356497095837
藏	0.000108049844378	-0.0026948665379	-0.00296930610522	-0.00528292049108
虎	0.00351309177199	0.000591633414935	0.031098009413	-0.010913899555
虚	-0.00161402578264	-0.00683197802084	0.000235528774042	-0.00361055997128
虽	-0.00598447975998	-0.0266553168916	-0.00771968004148	-0.00923603057968
行	-0.0315401343631	0.00565506891361	-0.00883042310722	-0.0326099924517
衙	0.00306629556998	0.00397724300393	-0.00355612541088	-0.016818699891
衣	0.00256952701038	-0.00339938793669	0.00244298562451	-0.00247436740829
补	-0.00635333986334	0.00568338219406	-0.012706625586	-0.000678858759798
表	-0.00205663502277	0.00406348177082	0.0124768292874	0.00310969084688
被	0.00519135036142	0.00131275856071	0.0392318675251	-0.0441093883277
西	-0.0204913025378	0.0294597902467	0.0135565747277	0.0544823366398
要	0.0679502394962	-0.0210869222234	-0.0130274036034	0.0251239160567
见	0.0608399766315	-0.0633823777821	0.105135328557	-0.0810136237466
观	-0.00543558424066	-0.00691879278629	0.00614551615137	0.00280649187195
视	-0.00892021796919	-0.00864749323853	0.000835943913895	-0.00297082306344
觉	0.00808530630001	-0.0109182660591	-0.0019969021888	-0.0058385375541
解	0.000556731401202	-0.00185762863352	0.00629898940752	-0.0204803588414
言	-0.032854523925	-0.0507506918897	0.0507102007186	0.0112911995062
计	-0.00701806146627	-0.00796179546719	0.0118830735897	-0.0201947896131
认	0.00701039310632	-0.00310165443638	-0.000241557043233	-0.0117793422869
讨	-0.00303385432879	0.00253324503837	0.0147573072081	0.0180945339958
议	-0.0236839513711	-0.00118230252255	0.00369214097044	0.0142377423641
记	-0.00321404389634	0.000715652719628	-0.0121078959327	0.000694666904033
讲	0.00115128767641	-0.00416363562327	-0.00695991082124	0.00769763394451
许	-0.00358770942543	-0.000800247152228	0.00373316013084	-0.00203518803171
论	-0.01107166372	-0.0111347892645	-0.0171297934852	-0.000677442170682
设	-0.0110012802757	0.00813331522661	-0.0135655288908	-0.00902281863536
访	-0.000126495578996	-0.00286315793531	5.89311604765e-06	-0.00594560479262
识	-0.00051868766553	-0.00825444686802	-0.00239698703734	-0.00119276196961
词	-0.00189622445182	-0.00440940124492	-0.00331030931259	-0.00696114828882
诏	-0.0232325381129	0.0228002975839	0.0112668567707	0.0583470394103
试	-0.00526148427772	-0.000687885885443	-0.0109176120891	-0.000578075709599
诗	-0.00224097780267	-0.0126449807813	-0.00276662079715	-0.00974510614212
诚	-0.00679500877315	-0.00656092189886	0.00250954814018	0.00718475680999
话	0.0352169796114	-0.0104397887873	-0.00601850811019	0.0163406582874
该	-0.00234401191016	0.0103412219625	-0.0196987779896	-0.0375204482943
详	-0.00545040102143	0.00232926395873	-0.00968138838136	-0.00647328551237
语	-0.00373230837342	-0.0146361562373	-0.000536802990711	-0.00325045773216
误	-0.00257770744522	0.00110307969396	0.00184641709944	-0.0140034335913
说	0.164766796277	-0.02571825679	0.0189367295234	0.0314724641114
请	-0.00506969997662	-0.000376676538941	0.0191078398956	0.0255874530533
诸	-0.0374174324223	0.000305414128484	0.0322814738867	0.0537691659584
读	-0.00356208284451	-0.00540856222857	-0.00692937088545	0.00349072772304
谁	0.00838010814023	-0.00924218278939	0.00508115777025	-0.00101765908898
调	-0.00421450306939	0.0027067854668	0.00565574205272	-0.00579539472816
谈	0.00303638539964	-0.00554670638646	-0.00373541910754	-0.00119550354636
谋	-0.00812772907268	-0.00204219908497	0.0187880251669	-0.0139706739513
谓	-0.0248021744445	-0.0303643792114	-0.00943813177347	0.0131260310019
谕	-0.0108123193006	0.00606962088296	0.00882145540745	0.0123963310909
谢	0.00291018316792	-0.00622044610732	0.0160887302704	-0.00297101260874
谷	-0.00392686841327	0.000158956361396	-0.00156629792543	0.000285123573483
负	-0.00242658726975	-0.00615860363315	0.00731609143535	-0.00191508212137
贡	-0.00601499104249	0.00539207337304	-0.000923809369658	0.00970118757611
财	-0.00138917436286	-0.00277907547154	-0.00747730859739	-0.0138003665237
责	-0.00618210445628	-0.0034129692551	-0.00316696662589	-0.00281503646736
贤	-0.00340242943658	-0.0115050576174	0.0108150393544	0.00330887484476
败	-0.00903320572385	0.00211974573147	0.0471081396688	0.0185636938207
货	-0.00202732294449	0.00117049624517	-0.00993627103669	-0.00740211029381
贯	-0.00314792671669	0.00902204970684	-0.00752840036312	-0.00747761052812
贵	-0.00298571439946	-0.00501860163813	0.0121365098654	-0.00250083023679
费	-0.00411015102683	-0.00439195701288	-0.015039685907	-0.00768325755523
贼	-0.0157498438928	0.00907596178832	0.0828528397663	-0.0115396067279
贾	0.00584409269546	-0.0028920671365	-0.00721802426123	0.0254245102089
资	-0.00612058931209	-0.00089202485505	-0.00640459771108	0.0010384237196
赏	-0.0033490499687	0.00176456474484	0.00573595419868	-0.0026607232626
赐	-0.0118984942162	0.00948644309384	0.0154323786184	0.0320205316418
赠	-0.00445004991126	0.0036380025831	0.00570491897106	0.0144324600116
走	0.0331268071961	-0.00644915816219	0.037389774351	-0.000450187135846
赴	-0.00676321789299	0.00649331568261	0.0081540819976	-0.00588881118795
赵	-0.00376106036366	-0.000858065433898	0.0254743490591	0.00964208408724
赶	0.00870561660395	3.85380911238e-05	0.0180838722041	-0.00939639082132
起	0.0283942698978	-0.0189430307948	0.0252020601339	0.00365610377577
越	-0.00138917994192	-0.00156469834349	0.00222581582145	0.00304859149968
足	-0.00791157170931	-0.0197583248562	-0.00214902780828	-0.00980924469787
跟	0.0103525502317	0.0018212214699	-0.0017384750627	0.00400192920259
路	-0.000760435728314	0.0188371504727	0.0275793435356	-0.00857005378417
身	0.0260432437965	-0.0221888026757	0.0247515221866	-0.0486383848165
车	-0.00158085179703	-0.00121732587807	0.0045941028225	0.00378872542782
转	-0.000569065779616	0.000352565440283	-0.00134805816384	-0.00884202780497
轻	-0.00125602554452	-0.00776888786391	-0.00244817346463	-0.00668300678372
载	-0.00734175481862	-0.000530803051829	-0.00405394452717	0.00118603121996
辛	-0.00395648201649	0.00384219769217	0.00464135093268	0.0163984788411
辞	-0.0024144814488	-0.00821258348645	0.0102135330477	0.0055224766259
辰	-0.00436093561774	0.00579806410391	0.00290925092278	0.0154739614007
边	0.0111913941887	0.000263859458653	0.0079238707195	0.00197374798381
达	-0.00736498022825	0.00375846499285	0.0125334153633	0.0144557102774
迁	-0.00982997845155	0.00326909850085	0.00547212360349	0.0305657659834
过	0.0345383106743	-0.0236555661994	-0.00660638832472	0.000831419732866
迎	0.000452472445291	-0.00177204145772	0.0277422141989	0.00223248187347
运	-0.0108791934721	0.00894657322597	-0.0187196685204	-0.00229917745486
近	-0.00794741798894	-0.0086565532506	-0.0041728962413	-0.0108690878938
还	0.0271655300853	-0.0105880372308	0.00284834502613	0.0576354205164
这	0.141263144257	-0.0347915817042	-0.0522026146256	0.105782525227
进	0.0040557671444	0.0101021043992	0.0680504498181	0.0476631701772
远	-0.00507794253414	-0.00796874273822	0.00597821191528	-0.00317917773901
连	0.0126994720069	-0.00509576443247	0.0158718033678	-0.00447723834363
追	-0.00421174628596	0.0061756800746	0.0242164552578	-0.00132311834466
退	-0.00380599477586	-0.0042293143352	0.0289160101923	-0.000805116036868
送	0.0106116652557	0.00123502756116	0.00191785034957	-0.00952682974203
逃	0.000221602064199	0.00483203291809	0.0181004936172	-0.0266768806662
逆	-0.00522629192325	-0.000995865754071	0.0135311447481	0.00113248010649
选	-0.00849663582092	0.0029801421812	-0.00290439816152	0.0045689116707
逐	-0.0029699693819	0.000273207564126	-0.0018242492882	-0.00515489755474
通	-0.0127668599426	0.00819522629826	-0.0106522635391	-0.000849853459923
速	-0.00212564468222	-0.00104773112332	0.0157638222483	-0.00503802545804
造	-0.00488352575812	0.0035778903357	-0.0112688637633	-0.0123580131259
遂	-0.0177755215609	-0.02063903932	0.053592530396	0.00176546824174
遇	-0.00229881560224	-0.00263307700471	0.0100107899495	-0.0083841420358
道	0.195623502977	-0.139222179439	0.0332123283084	-0.0185387342691
遗	-0.00570631711368	-0.00333852424382	-0.0013334175885	0.00417068973916
遣	-0.0212169286209	0.0151793238546	0.0390712387782	0.0487372317442
避	-0.00200258299182	-0.00346222761898	0.00358845577403	-0.0012400345186
那	0.101383265055	-0.0260257305417	-0.00696008996382	0.0504901752408
郎	-0.0112431395554	0.00924812061676	0.0105710646412	0.0287805991184
郑	-0.0037557388242	0.000189823979867	0.0119100460191	0.00862980219193
郡	-0.0102553278138	0.00467959720405	0.0111175666219	0.0180112133845
部	-0.0379950318958	0.0411221571693	0.00502027294639	0.0548782230069
都	0.00570858672033	0.0309579089341	0.0270517637965	0.110091265554
酒	0.015152774769	-0.0046637395905	0.00616496252488	-0.0081775301012
里	0.0629363193558	-0.000225226719557	-0.0367883202221	0.0764243141911
重	-0.0137834752183	-0.00992494469112	-0.00273470604211	-0.00948332757295
量	0.000967377904457	-0.000204483341506	-0.00605874123273	-0.00517220561296
金	-0.00091854662838	0.00971522578485	0.0488481233022	0.0134561504289
钦	-0.00309837985829	0.00448133027057	0.00165319854216	8.28997355859e-05
钱	-0.000552166914171	0.0175680390184	-0.0495290545801	-0.0205160832117
铁	0.000736925686093	0.00106559166421	0.00805312416489	-0.00553634493719
银	0.00525728261041	0.0235353638316	-0.033156047843	-0.040874554494
锦	-0.000337684864233	0.00231475452539	0.00703208508884	-0.000516110425392
镇	-0.0129083427157	0.0157305779845	0.0197272883787	0.0146712803669
长	-0.00822407887629	-0.000707000013359	0.0102453746751	-0.0150586770743
门	0.0196892606169	0.00561683714077	0.0303224047139	-0.0106282076342
问	0.0194248789745	-0.0250391575553	0.0208211381002	-0.0247023195728
闲	0.00213346572583	-0.00377841895291	-0.00248590033702	0.00274259921153
间	-0.00212868348227	-0.0155817964677	-0.0055100494677	-0.0141783471923
闻	-0.0151137644074	-0.0249444955838	0.0468108767524	-0.0100887214361
阁	-0.0055244249279	0.00169317612254	5.77112732601e-05	0.0147406571954
防	-0.0068950160011	0.00328190896847	0.00244454464824	-0.00765318906611
阳	-0.0131878785	0.0064483121281	0.0233019219844	0.0211493164743
阴	-0.00275422913107	-0.0051919366766	0.000132894418436	-0.000317682855956
阵	0.00247088711014	0.00196484386066	0.0476106061862	-0.0145565379965
阿	-0.00414926823522	0.00704286519977	0.00373908718091	0.0197865774976
附	-0.0065688658912	0.00699383410756	-0.00272050533885	0.00311047144719
陆	-0.00195594763847	0.00105972741015	0.00345189862931	4.0422697394e-05
陈	-0.0111889101573	0.00341154417317	0.0147972161591	0.0131677171744
降	-0.0133528534235	0.011516700029	0.0373265537072	0.0259976018151
限	-0.00327790632312	0.00552505894975	-0.0125066692493	-0.0152612960335
陛	-0.00642546813707	-0.00677871105459	0.0116759019689	0.0142672577905
院	-0.00482906288889	0.015111732763	-0.00750750547867	0.0241568899558
除	-0.00675755132388	0.00311942713783	-0.00680529307792	-0.000365085967993
陵	-0.00757773450598	0.0049668243342	0.00907552418087	0.0155879195358
隆	-0.00628575987587	0.0114264017135	-0.00253257926832	0.00550867559775
随	0.00299442732667	-0.004575345085	0.0111488994829	-0.0208242327114
隐	-0.000985904488558	-0.00442020763187	-0.000657653753654	-0.00523463345511
难	0.00142935444531	-0.0261522467796	0.0085804139693	-0.0215455625635
雄	0.00417460940194	0.00160400648073	0.0287003239081	-0.00684875533728
集	-0.00934681417491	0.00272998437432	-0.00138289368832	0.00516618805484
雨	-0.00201720993342	-0.00238337948179	-0.00117065732097	-0.00512311740704
青	0.00545237090901	0.000195698889049	0.010057215862	-0.0113216315444
靖	-0.00625685114111	0.0105416010587	0.000838591781166	0.0077191260141
非	-0.015590132839	-0.0400784442554	-0.00753117026198	-0.0203266585562
面	0.0375277251612	-0.00855927717179	0.0202324083475	-0.0128558234
韩	-0.00126007529678	-0.000812604711958	0.0126458808212	0.00492820007757
音	0.000261054208095	-0.00313565056766	-0.00381407083288	-0.000826497023019
项	-0.00342943788907	0.00547115012591	-0.00979399894266	-0.0135317526456
顺	-0.00486558088612	0.00890865116344	0.00576477758718	0.00905910324306
须	0.00149446369884	-0.0108728697937	0.0059690426203	-0.0211079478039
顾	-0.00228017256767	-0.00807542933922	0.00343287494803	0.000329964398684
领	-0.00106511181894	0.0197546018253	0.0442750210128	-0.0161227225052
题	-0.00205366470645	0.00534641069464	-0.00996486865815	-0.0141735103131
额	-0.00590704651781	0.011787913566	-0.0103711768585	-0.00661555870442
风	0.00157335458998	-0.0171015872021	0.0045740785839	-0.021387928777
飞	0.00677859196427	-0.00372769549351	0.0368505500249	-0.0186940368168
食	-0.0102198349729	-0.00449971484495	-0.0063311572166	-0.00446764145127
饭	0.00876996060862	-0.00101570324779	-0.00474406629397	0.00063903552428
饮	0.00131007575603	-0.00750913444137	0.00848182209248	-0.0100403672341
馆	-0.000156856326297	0.000539801451335	-0.00454949854974	0.00426115879365
首	-0.00471011399765	-4.84208601979e-05	0.0157425200812	-0.0222666700283
香	0.0107812284526	-0.00448851814131	-0.00991238810949	-0.0093183921024
马	0.000315499016524	0.0358694241432	0.170505977463	-0.0460353960544
驾	-0.00143293111812	0.00207334475851	0.01945024353	-5.59201217411e-05
骑	-0.00444907117321	0.00388334026927	0.023723559337	0.00818810006909
高	-0.00360575796526	-0.00407988034317	0.0288177729583	0.0118170305104
鬼	0.00513653044668	-0.00556429793336	0.000828706694431	-0.00604577799531
魏	-0.00276240220102	-0.00277204219493	0.0171644495084	0.00965246092688
鲁	-0.00480298542533	0.00389273451659	0.00939603034225	0.014993746125
黄	-0.00351627462965	0.00542279022277	0.0162419159349	-0.00636841723869
黑	0.00233234251725	0.00242917640451	0.00633008361239	-0.00708550655141
鼓	-0.0012898604712	0.000427272359665	0.0103152494958	-0.00432334382858
齐	0.00260387158189	-0.00355125442591	0.0416593476143	0.000153790186322
龙	0.00605126894608	0.0144470949065	0.045563778076	-0.0152426180794